Kuldeep Yadav,179,3,3,12.0,100,6,3/35,16.66,8.33,12.0,0,0,0
LA Carseldine,255,5,1,1.0,6,1,0/0,6.0,6.0,6.0,0,0,0
Robin Peterson,226,5,4,8.0,70,3,3/37,23.33,8.75,16.0,0,0,0
Samuel Badree,238,5,5,18.0,131,2,1/19,65.5,7.27,54.0,0,0,0
Love Ablish,230,3,3,7.0,75,3,2/17,25.0,10.71,14.0,0,0,0
GR Napier,259,1,1,4.0,27,1,1/27,27.0,6.75,24.0,0,0,0
Manoj Tiwary,282,78,5,6.0,73,1,0/0,73.0,12.16,36.0,0,0,0
D du Preez,204,2,2,7.0,56,4,3/32,14.0,8.0,10.5,0,0,0
LPC Silva,328,3,1,1.0,21,0,0/0,0.0,21.0,0.0,0,0,0
Mohammad Hafeez,253,8,2,5.0,24,1,1/8,24.0,4.8,30.0,0,0,0
Sean Abbott,310,2,2,5.0,57,0,0/0,0.0,11.4,0.0,0,0,0
Colin Munro,293,4,2,2.0,15,0,0/0,0.0,7.5,0.0,0,0,0
Abhishek Jhunjhunwala,266,21,10,14.1,129,1,1/13,129.0,9.1,85.0,0,0,0
Domnic Joseph,202,6,6,14.0,101,4,2/18,25.25,7.21,21.0,0,0,0
Gajendra Singh,229,4,4,14.0,141,3,1/33,47.0,10.07,28.0,0,0,0
C Nanda,236,3,3,8.0,57,2,1/4,28.5,7.12,24.0,0,0,0
TP Sudhindra,281,3,3,11.4,136,1,1/46,136.0,11.65,70.0,0,0,0
Asad Pathan,305,8,3,6.3,63,0,0/0,0.0,9.69,0.0,0,0,0
P Parameswaran,210,5,5,15.4,137,4,2/20,34.25,8.74,23.5,0,0,0
Raju Bhatkal,324,1,1,2.0,35,0,0/35,0.0,17.5,0.0,0,0,0
Yogesh Nagar,217,26,8,11.0,125,4,2/20,31.25,11.36,16.5,0,0,0
Doug Bracewell,224,1,1,4.0,32,3,3/32,10.66,8.0,8.0,0,0,0
VS Yeligati,311,2,2,5.0,59,0,0/0,0.0,11.8,0.0,0,0,0
Rahul Tewatia,222,4,4,12.0,90,3,1/17,30.0,7.5,24.0,0,0,0
Pat Cummins,241,4,4,14.0,126,2,1/29,63.0,9.0,42.0,0,0,0
RA Shaikh,309,1,1,1.0,11,0,0/11,0.0,11.0,0.0,0,0,0
Gurkeerat Mann Singh,189,28,6,13.0,97,5,2/15,19.4,7.46,15.6,0,0,0
Francois du Plessis,321,51,1,1.0,16,0,0/0,0.0,16.0,0.0,0,0,0
K Goel,300,22,6,11.0,93,0,0/0,0.0,8.45,0.0,0,0,0
Mashrafe Mortaza,317,1,1,4.0,58,0,0/58,0.0,14.5,0.0,0,0,0
Mithun Manhas,286,55,3,7.0,42,0,0/0,0.0,6.0,0.0,0,0,0
Swapnil Singh,303,1,1,3.0,29,0,0/29,0.0,9.66,0.0,0,0,0
SB Joshi,265,4,4,9.1,82,1,1/27,82.0,8.94,55.0,0,0,0
D Kalyankrishna,249,3,3,8.0,87,2,1/30,43.5,10.87,24.0,0,0,0
MA Khote,247,4,2,5.0,51,2,2/29,25.5,10.2,15.0,0,0,0
Abhishek Raut,296,22,6,7.0,57,0,0/0,0.0,8.14,0.0,0,0,0
Paul Collingwood,187,8,6,14.5,101,5,2/19,20.2,6.8,17.8,0,0,0
Raiphi Gomez,192,13,9,16.0,129,5,2/14,25.8,8.06,19.2,0,0,0
Adam Voges,299,9,7,9.0,76,0,0/0,0.0,8.44,0.0,0,0,0
I Malhotra,329,1,1,1.0,23,0,0/23,0.0,23.0,0.0,0,0,0
Luke Wright,248,7,6,11.5,124,2,1/12,62.0,10.47,35.5,0,0,0
S Sriram,322,2,2,3.0,49,0,0/0,0.0,16.33,0.0,0,0,0
Sachin Rana,288,11,3,2.4,18,0,0/0,0.0,6.75,0.0,0,0,0
Dwaraka Ravi Teja,267,32,2,3.0,28,1,0/0,28.0,9.33,18.0,0,0,0
AJ Finch,268,52,5,7.1,67,1,1/11,67.0,9.34,43.0,0,0,0
Jayant Yadav,201,8,8,24.0,154,4,1/8,38.5,6.41,36.0,0,0,0
SM Harwood,220,3,3,10.0,73,3,2/25,24.33,7.3,20.0,0,0,0
T Henderson,258,2,2,6.0,40,1,1/30,40.0,6.66,36.0,0,0,0
Ashok Menaria,223,29,12,18.2,144,3,2/20,48.0,7.85,36.66,0,0,0
Pawan Suyal,243,5,5,16.0,151,2,1/21,75.5,9.43,48.0,0,0,0
WA Mota,206,12,7,12.0,97,4,1/6,24.25,8.08,18.0,0,0,0
Pradeep Sahu,225,5,5,17.3,146,3,2/18,48.66,8.34,35.0,0,0,0
Ben Cutting,173,5,5,15.1,111,6,2/20,18.5,7.31,15.16,0,0,0
SS Mundhe,256,1,1,1.0,6,1,1/6,6.0,6.0,6.0,0,0,0
Suryakumar Yadav,295,45,1,1.0,8,0,0/0,0.0,8.0,0.0,0,0,0
RR Bose,314,1,1,2.0,24,0,0/24,0.0,12.0,0.0,0,0,0
Ajinkya Rahane,254,95,1,1.0,5,1,0/0,5.0,5.0,6.0,0,0,0
Nathan McCullum,289,2,2,5.0,34,0,0/0,0.0,6.8,0.0,0,0,0
Vijay Shankar,326,1,1,1.0,19,0,0/19,0.0,19.0,0.0,0,0,0
Kane Williamson,290,8,1,1.0,7,0,0/7,0.0,7.0,0.0,0,0,0
Michael Clarke,235,6,5,11.0,67,2,1/12,33.5,6.09,33.0,0,0,0
Shoaib Malik,246,7,5,8.3,85,2,1/6,42.5,10.0,25.5,0,0,0
DNT Zoysa,242,3,3,11.0,99,2,1/30,49.5,9.0,33.0,0,0,0
Ankit Rajpoot,213,6,6,15.0,133,4,1/14,33.25,8.86,22.5,0,0,0
Chamara Kapugedera,323,5,3,2.5,49,0,0/0,0.0,17.29,0.0,0,0,0
Krishnakant Upadhyay,302,3,3,9.0,81,0,0/0,0.0,9.0,0.0,0,0,0
Michael Neser,319,1,1,4.0,62,0,0/62,0.0,15.5,0.0,0,0,0
Sachin Tendulkar,304,78,4,6.0,58,0,0/0,0.0,9.66,0.0,0,0,0
Harmeet Singh,263,1,1,4.0,34,1,1/34,34.0,8.5,24.0,0,0,0
Amit Uniyal,250,2,2,6.0,66,2,2/41,33.0,11.0,18.0,0,0,0
Jeevan Mendis,260,3,2,5.0,36,1,1/16,36.0,7.2,30.0,0,0,0
Bharat Chipli,327,23,1,1.0,20,0,0/0,0.0,20.0,0.0,0,0,0
Aditya Dole,198,3,3,11.0,112,5,2/36,22.4,10.18,13.2,0,0,0
Jimmy Neesham,271,4,4,9.0,91,1,1/29,91.0,10.11,54.0,0,0,0
P Prasanth,325,1,1,1.0,18,0,0/18,0.0,18.0,0.0,0,0,0
Nuwan Kulasekara,188,6,5,17.0,120,5,2/10,24.0,7.05,20.4,0,0,0
PM Sarvesh Kumar,262,2,2,5.0,42,1,1/18,42.0,8.4,30.0,0,0,0
Nayan Doshi,240,4,4,9.2,79,2,1/15,39.5,8.46,28.0,0,0,0
Scott Boland,239,2,2,7.0,54,2,2/31,27.0,7.71,21.0,0,0,0
Shardul Thakur,284,1,1,3.0,38,1,1/38,38.0,12.66,18.0,0,0,0
RS Gavaskar,294,2,1,1.0,8,0,0/0,0.0,8.0,0.0,0,0,0
T Thushara,154,6,6,22.3,161,8,2/16,20.12,7.15,16.87,0,0,0
Lendl Simmons,279,22,1,3.0,34,1,0/0,34.0,11.33,18.0,0,0,0
Akshath Reddy,276,12,1,3.0,32,1,0/0,32.0,10.66,18.0,0,0,0
Adam Zampa,122,5,5,17.0,115,12,6/19,9.58,6.76,8.5,0,1,0
Krishmar Santokie,233,2,2,8.0,90,3,2/50,30.0,11.25,16.0,0,0,0
S Vidyut,278,9,1,2.0,22,1,0/0,22.0,11.0,12.0,0,0,0
John Hastings,219,3,3,9.4,66,3,2/6,22.0,6.82,19.33,0,0,0
Ryan Ninan,232,2,2,6.0,65,3,2/31,21.66,10.83,12.0,0,0,0
Ronit More,272,2,2,5.5,59,1,1/31,59.0,10.11,35.0,0,0,0
Ashley Noffke,270,1,1,4.0,40,1,1/40,40.0,10.0,24.0,0,0,0
Ryan ten Doeschate,237,29,10,13.0,94,2,1/7,47.0,7.23,39.0,0,0,0
Andre Nel,275,1,1,3.0,31,1,1/31,31.0,10.33,18.0,0,0,0
Tabraiz Shamsi,227,4,4,16.0,147,3,1/21,49.0,9.18,32.0,0,0,0
Clint McKay,264,2,2,7.0,60,1,1/36,60.0,8.57,42.0,0,0,0
Sachin Baby,234,15,2,1.4,8,2,0/0,4.0,4.8,5.0,0,0,0
Shreyas Gopal,166,6,6,19.1,154,7,2/25,22.0,8.03,16.42,0,0,0
Ben Laughlin,273,2,2,7.0,71,1,1/25,71.0,10.14,42.0,0,0,0
JM Kemp,221,5,5,7.2,54,3,3/12,18.0,7.36,14.66,0,0,0
Deepak Chahar,298,2,2,5.0,41,0,0/0,0.0,8.2,0.0,0,0,0
Steve Smith,318,54,1,0.2,5,0,0/0,0.0,15.0,0.0,0,0,0
Y Gnaneswara Rao,291,2,1,1.0,7,0,0/0,0.0,7.0,0.0,0,0,0
Abrar Kazi,308,1,1,2.0,21,0,0/21,0.0,10.5,0.0,0,0,0
Ambati Rayudu,292,109,1,3.0,22,0,0/0,0.0,7.33,0.0,0,0,0
Mandeep Singh,261,59,1,3.0,23,1,0/0,23.0,7.66,18.0,0,0,0
Murali Vijay,297,100,4,6.0,49,0,0/0,0.0,8.16,0.0,0,0,0
Kemar Roach,307,2,2,8.0,80,0,0/0,0.0,10.0,0.0,0,0,0
Sunny Gupta,320,1,1,3.0,47,0,0/47,0.0,15.66,0.0,0,0,0
Daniel Harris,301,4,2,3.0,26,0,0/0,0.0,8.66,0.0,0,0,0
Shikhar Dhawan,208,113,6,8.0,66,4,1/7,16.5,8.25,12.0,0,0,0
Ross Taylor,313,55,2,2.0,24,0,0/0,0.0,12.0,0.0,0,0,0
Hanuma Vihari,257,22,5,6.0,38,1,1/5,38.0,6.33,36.0,0,0,0
Nitish Rana,285,4,1,1.0,3,0,0/0,0.0,3.0,0.0,0,0,0
Shrikant Wagh,191,8,8,17.0,137,5,3/16,27.4,8.05,20.4,0,0,0
Adam Milne,277,1,1,4.0,43,1,1/43,43.0,10.75,24.0,0,0,0
Siddharth Chitnis,245,11,2,6.0,60,2,2/40,30.0,10.0,18.0,0,0,0
Andrew Flintoff,244,3,3,11.0,105,2,1/11,52.5,9.54,33.0,0,0,0
Dinesh Salunkhe,269,6,5,7.5,78,1,1/21,78.0,9.95,47.0,0,0,0
Dominic Thornely,218,6,4,7.0,40,3,2/7,13.33,5.71,14.0,0,0,0
Brett Geeves,280,2,2,8.0,91,1,1/50,91.0,11.37,48.0,0,0,0
Abdur Razzak,316,1,1,2.0,29,0,0/29,0.0,14.5,0.0,0,0,0
Adam Gilchrist,252,80,1,0.1,0,1,1/0,0.0,0.0,1.0,0,0,0
Cameron White,283,47,6,7.0,86,1,1/14,86.0,12.28,42.0,0,0,0
C Ganapathy,315,1,1,1.0,13,0,0/13,0.0,13.0,0.0,0,0,0
JJ van der Wath,231,3,3,12.0,129,3,2/49,43.0,10.75,24.0,0,0,0
Ben Rohrer,312,8,1,1.0,12,0,0/0,0.0,12.0,0.0,0,0,0
Nathan Rimmington,287,1,1,3.0,19,0,0/19,0.0,6.33,0.0,0,0,0
Faiz Fazal,306,12,2,2.0,20,0,0/0,0.0,10.0,0.0,0,0,0
Gurinder Sandhu,274,3,2,8.0,82,1,1/33,82.0,10.25,48.0,0,0,0
Shoaib Akhtar,190,3,3,7.0,54,5,4/11,10.8,7.71,8.4,1,0,0
Lasith Malinga,1,98,98,381.3,2546,143,5/13,17.8,6.67,16.0,4,1,1
Ravichandran Ashwin,7,111,108,381.4,2500,100,4/34,25.0,6.55,22.9,1,0,1
Albie Morkel,15,91,87,287.1,2359,85,4/32,27.75,8.21,20.27,1,0,1
Z Khan,10,89,88,326.3,2469,92,4/17,26.83,7.56,21.29,1,0,1
Ashish Nehra,8,82,82,296.5,2298,98,4/10,23.44,7.74,18.17,1,0,1
Umesh Yadav,22,80,79,273.5,2297,74,4/24,31.04,8.38,22.2,1,0,1
Pragyan Ojha,12,92,90,316.3,2332,89,3/11,26.2,7.36,21.33,0,0,1
Jacques Kallis,29,98,89,290.2,2293,65,3/13,35.27,7.89,26.8,0,0,1
RP Singh,11,82,82,295.5,2338,90,4/22,25.97,7.9,19.72,2,0,1
Dale Steyn,9,90,90,343.0,2306,92,3/8,25.06,6.72,22.36,0,0,1
Irfan Pathan,18,102,100,338.3,2623,80,3/24,32.78,7.74,25.38,0,0,1
Joginder Sharma,129,16,15,42.4,419,12,2/27,34.91,9.82,21.33,0,0,2
Yo Mahesh,88,18,17,56.3,499,21,4/36,23.76,8.83,16.14,1,0,2
Abhimanyu Mithun,171,16,16,48.0,472,7,2/37,67.42,9.83,41.14,0,0,2
MF Maharoof,73,20,20,70.0,520,27,3/34,19.25,7.42,15.55,0,0,2
Roelof van der Merwe,86,21,21,73.5,498,21,3/20,23.71,6.74,21.09,0,0,2
Bipul Sharma,113,26,21,54.4,443,14,2/13,31.64,8.1,23.42,0,0,2
P Negi,114,29,24,72.0,591,14,4/18,42.21,8.2,30.85,1,0,2
Brad Hogg,82,21,21,76.2,570,23,4/29,24.78,7.46,19.91,1,0,2
Bhargav Bhatt,124,17,15,49.2,397,12,4/22,33.08,8.04,24.66,1,0,2
Ankit Sharma,123,20,19,59.1,423,12,2/20,35.25,7.14,29.58,0,0,2
D Wiese,107,15,14,46.2,402,16,4/33,25.12,8.67,17.37,1,0,2
Ben Hilfenhaus,85,17,17,62.0,479,22,3/27,21.77,7.72,16.9,0,0,2
Ishwar Pandey,95,25,24,77.0,591,18,2/23,32.83,7.67,25.66,0,0,2
Pankaj Singh,136,20,17,50.0,468,11,2/18,42.54,9.36,27.27,0,0,2
Kane Richardson,98,14,14,52.5,443,18,3/13,24.61,8.38,17.61,0,0,2
Sanath Jayasuriya,120,30,21,49.0,390,13,3/14,30.0,7.95,22.61,0,0,2
Nathan Coulter-Nile,87,18,17,65.3,491,21,4/20,23.38,7.49,18.71,1,0,2
Alfonso Thomas,112,15,15,52.3,406,14,3/22,29.0,7.73,22.5,0,0,2
Mitchell Marsh,90,20,18,52.3,414,20,4/25,20.7,7.88,15.75,1,0,2
Barinder Sran,115,15,15,52.3,448,14,3/28,32.0,8.53,22.5,0,0,2
Laxmi Ratan Shukla,109,48,27,52.2,447,15,3/6,29.8,8.54,20.93,0,0,2
Anureet Singh,105,19,18,62.4,555,17,3/23,32.64,8.85,22.11,0,0,2
Ryan McLaren,127,18,18,59.0,542,12,2/28,45.16,9.18,29.5,0,0,2
Rohit Sharma,108,142,30,55.2,440,15,4/6,29.33,7.95,22.13,1,0,2
DR Smith,104,64,23,48.0,419,17,4/8,24.64,8.72,16.94,1,0,2
David Hussey,161,64,26,52.5,474,8,2/2,59.25,8.97,39.62,0,0,2
Shalabh Srivastava,117,14,14,47.0,441,14,2/20,31.5,9.38,20.14,0,0,2
VRV Singh,126,19,18,60.0,542,12,3/29,45.16,9.03,30.0,0,0,2
James Hopes,116,21,20,60.0,548,14,2/2,39.14,9.13,25.71,0,0,2
Mustafizur Rahman,100,16,16,61.0,421,17,3/16,24.76,6.9,21.52,0,0,2
Ramesh Powar,119,27,26,71.0,527,13,2/11,40.53,7.42,32.76,0,0,2
James Faulkner,36,52,52,178.1,1520,53,5/16,28.67,8.53,20.16,0,2,3
Yusuf Pathan,43,134,76,184.2,1351,41,3/11,32.95,7.32,26.97,0,0,3
Shane Warne,32,55,54,199.0,1447,57,4/21,25.38,7.27,20.94,1,0,3
Shadab Jakati,38,57,55,175.5,1398,47,4/22,29.74,7.95,22.44,2,0,3
Mitchell Johnson,37,43,43,164.2,1345,52,3/27,25.86,8.18,18.96,0,0,3
Manpreet Gony,52,43,43,146.0,1255,37,3/31,33.91,8.59,23.67,0,0,3
Murali Kartik,60,56,55,191.3,1388,31,3/17,44.77,7.24,37.06,0,0,3
YS Chahal,33,43,42,155.0,1236,56,4/25,22.07,7.97,16.6,1,0,3
Vinay Kumar,6,102,101,346.4,2870,101,4/40,28.41,8.27,20.59,1,0,4
Harbhajan Singh,5,125,123,445.3,3119,119,5/18,26.21,7.0,22.46,1,1,4
DJ Bravo,3,106,103,336.2,2754,122,4/22,22.57,8.18,16.54,2,0,4
A Mishra,2,112,112,401.0,2918,124,5/17,23.53,7.27,19.4,3,1,4
Piyush Chawla,4,123,122,407.1,3082,120,4/17,25.68,7.56,20.35,2,0,4
P Kumar,16,113,113,404.1,3100,84,3/18,36.9,7.67,28.86,0,0,4
Suresh Raina,80,147,62,138.2,1010,24,2/0,42.08,7.3,34.58,0,0,5
Angelo Mathews,74,46,42,126.5,1023,27,4/19,37.88,8.06,28.18,1,0,5
Ryan Harris,40,37,37,138.4,1047,45,4/34,23.26,7.55,18.48,1,0,5
HV Patel,61,35,33,109.5,928,31,2/12,29.93,8.44,21.25,0,0,5
Jasprit Bumrah,76,31,31,113.4,961,26,3/13,36.96,8.45,26.23,0,0,5
Shahbaz Nadeem,59,48,46,168.0,1200,31,3/16,38.7,7.14,32.51,0,0,5
Pradeep Sangwan,65,33,33,113.4,975,30,3/18,32.5,8.57,22.73,0,0,5
Shakib Al Hasan,41,42,41,150.3,1070,43,3/17,24.88,7.1,21.0,0,0,5
Parvinder Awana,48,33,33,124.3,1029,39,4/34,26.38,8.26,19.15,1,0,5
Thisara Perera,63,37,36,116.2,1016,31,3/20,32.77,8.73,22.51,0,0,5
Ajit Agarkar,68,42,42,130.2,1151,29,3/25,39.68,8.83,26.96,0,0,5
Rahul Sharma,45,44,44,154.4,1086,40,3/13,27.15,7.02,23.2,0,0,5
CH Morris,44,39,39,136.0,1020,41,4/23,24.87,7.5,19.9,1,0,5
Jaydev Unadkat,58,35,34,117.3,986,32,5/25,30.81,8.39,22.03,0,1,5
Karn Sharma,53,46,46,141.4,1109,36,4/38,30.8,7.82,23.61,1,0,5
Yuvraj Singh,54,108,69,140.5,1032,35,4/29,29.48,7.32,24.14,2,0,5
Axar Patel,42,45,45,160.3,1185,43,4/21,27.55,7.38,22.39,1,0,5
Shanthakumaran Sreesanth,47,44,44,146.4,1194,40,3/29,29.85,8.14,22.0,0,0,5
Iqbal Abdulla,49,47,46,148.2,1054,38,3/24,27.73,7.1,23.42,0,0,5
Moises Henriques,51,45,43,124.2,996,37,3/16,26.91,8.01,20.16,0,0,5
Sandeep Sharma,35,43,43,156.1,1189,54,4/25,22.01,7.61,17.35,1,0,5
Anil Kumble,39,42,42,160.5,1058,45,5/5,23.51,6.57,21.44,2,1,5
VR Aaron,64,36,34,120.4,1056,31,3/16,34.06,8.75,23.35,0,0,5
Brett Lee,78,38,38,145.5,1095,25,3/15,43.8,7.5,35.0,0,0,5
Harmeet Singh Bansal,79,27,26,84.3,674,25,3/24,26.96,7.97,20.28,0,0,6
S Aravind,46,28,28,96.1,764,40,4/14,19.1,7.94,14.42,2,0,6
PV Tambe,71,33,33,110.0,853,28,4/20,30.46,7.75,23.57,1,0,6
Andre Russell,62,34,34,105.1,896,31,4/20,28.9,8.51,20.35,1,0,6
CH Gayle,97,92,37,91.3,724,18,3/21,40.22,7.91,30.5,0,0,6
Doug Bollinger,50,27,27,96.0,693,37,4/13,18.72,7.21,15.56,1,0,6
Kevon Cooper,57,25,25,96.0,757,33,4/26,22.93,7.88,17.45,1,0,6
Dirk Nannes,70,29,29,107.4,785,28,3/27,28.03,7.29,23.07,0,0,6
Tim Southee,93,26,26,100.0,818,19,3/24,43.05,8.18,31.57,0,0,6
Andrew Symonds,89,39,30,87.5,674,20,3/21,33.7,7.67,26.35,0,0,6
Daniel Vettori,69,34,34,129.3,879,28,3/15,31.39,6.78,27.75,0,0,6
Mitchell McClenaghan,55,26,26,100.2,822,35,4/21,23.48,8.19,17.2,1,0,6
Mohammed Shami,99,31,30,95.1,843,18,2/20,46.83,8.85,31.72,0,0,6
Azhar Mahmood,66,23,23,89.3,700,29,3/20,24.13,7.82,18.51,0,0,6
Shaun Tait,83,21,21,78.5,640,23,3/13,27.82,8.11,20.56,0,0,6
Dan Christian,92,23,23,78.4,638,19,2/13,33.57,8.11,24.84,0,0,6
STR Binny,101,72,53,84.0,631,17,2/14,37.11,7.51,29.64,0,0,6
Amit Singh,72,23,23,78.5,620,28,4/19,22.14,7.86,16.89,1,0,6
Mitchell Starc,56,27,26,96.4,693,34,4/15,20.38,7.16,17.05,1,0,6
Imran Tahir,67,20,20,72.2,623,29,4/28,21.48,8.61,14.96,1,0,6
Johan Botha,77,34,34,115.4,800,25,3/6,32.0,6.91,27.76,0,0,6
Wayne Parnell,75,26,26,95.2,701,26,3/27,26.96,7.35,22.0,0,0,6
JP Duminy,81,77,47,110.0,798,23,4/17,34.69,7.25,28.69,1,0,6
Rishi Dhawan,96,26,25,81.2,640,18,2/14,35.55,7.86,27.11,0,0,6
Dilhara Fernando,102,10,10,39.0,298,17,4/18,17.52,7.64,13.76,1,0,7
Corey Anderson,197,16,11,22.0,217,5,2/18,43.4,9.86,26.4,0,0,7
Jaskaran Singh,185,8,7,17.0,171,6,2/18,28.5,10.05,17.0,0,0,7
Vikramjeet Malik,175,13,13,34.1,261,6,2/14,43.5,7.63,34.16,0,0,7
Deepak Hooda,205,31,13,28.1,226,4,2/16,56.5,8.02,42.25,0,0,7
Sarabjit Ladda,196,9,9,23.0,224,5,2/44,44.8,9.73,27.6,0,0,7
Paul Valthaty,167,23,10,25.1,205,7,4/29,29.28,8.14,21.57,1,0,7
Makhaya Ntini,163,9,9,35.0,242,7,4/21,34.57,6.91,30.0,1,0,7
Rahul Shukla,199,7,7,20.0,208,5,2/28,41.6,10.4,24.0,0,0,7
Juan Theron,147,10,10,36.0,293,9,2/17,32.55,8.13,24.0,0,0,7
Brad Hodge,103,66,20,39.0,303,17,4/13,17.82,7.76,13.76,1,0,7
Suraj Randiv,176,8,8,29.0,223,6,2/24,37.16,7.68,29.0,0,0,7
Dimitri Mascarenhas,91,13,13,51.2,356,19,5/25,18.73,6.93,16.21,0,1,7
Murugan Ashwin,169,10,10,28.3,241,7,3/36,34.42,8.45,24.42,0,0,7
Sumit Narwal,200,7,6,17.4,202,5,3/36,40.4,11.43,21.2,0,0,7
Anand Rajan,158,8,8,24.5,201,8,3/27,25.12,8.09,18.62,0,0,7
Kevin Pietersen,164,36,13,29.0,215,7,2/31,30.71,7.41,24.85,0,0,7
CJ Jordan,135,9,9,28.0,258,11,4/11,23.45,9.21,15.27,1,0,7
Ankeet Chavan,157,13,13,41.2,326,8,2/23,40.75,7.88,31.0,0,0,7
Marcus Stoinis,159,7,7,23.0,194,8,4/15,24.25,8.43,17.25,1,0,7
Tillakaratne Dilshan,193,52,25,45.1,366,5,1/7,73.2,8.1,54.2,0,0,7
Ashish Reddy,106,31,19,40.4,364,17,3/25,21.41,8.95,14.35,0,0,7
Trent Boult,138,8,8,32.0,275,10,3/19,27.5,8.59,19.2,0,0,7
Venugopal Rao,184,65,20,36.0,337,6,2/23,56.16,9.36,36.0,0,0,7
Darren Sammy,134,22,19,39.2,350,11,4/22,31.81,8.89,21.45,1,0,7
SB Bangar,211,12,9,25.0,219,4,2/34,54.75,8.76,37.5,0,0,7
Karanveer Singh,128,9,9,34.0,321,12,4/54,26.75,9.44,17.0,1,0,7
Ajantha Mendis,153,10,10,40.0,285,8,2/19,35.62,7.12,30.0,0,0,7
Jagadeesha Suchith,140,14,13,41.0,368,10,2/14,36.8,8.97,24.6,0,0,7
Parvez Rasool,207,11,11,33.0,271,4,1/20,67.75,8.21,49.5,0,0,7
Sudeep Tyagi,181,14,14,34.5,295,6,2/18,49.16,8.46,34.83,0,0,7
RR Raje,183,10,10,23.1,209,6,2/16,34.83,9.02,23.16,0,0,7
Kyle Abbott,251,5,5,16.0,177,2,1/38,88.5,11.06,48.0,0,0,7
Tirumalasetti Suman,178,43,11,25.0,197,6,2/14,32.83,7.88,25.0,0,0,7
Syed Mohammad,160,11,11,32.0,283,8,2/15,35.37,8.84,24.0,0,0,7
Kamran Khan,148,9,9,26.4,224,9,3/18,24.88,8.4,17.77,0,0,7
Shaun Pollock,131,13,13,46.0,301,11,3/12,27.36,6.54,25.09,0,0,7
P Amarnath,172,6,6,22.0,236,7,2/29,33.71,10.72,18.85,0,0,7
Balachandra Akhil,177,15,13,31.2,242,6,2/17,40.33,7.72,31.33,0,0,7
KC Cariappa,215,6,6,19.0,187,4,2/16,46.75,9.84,28.5,0,0,7
Shivam Sharma,209,5,5,19.0,165,4,2/26,41.25,8.68,28.5,0,0,7
Andrew McDonald,132,11,10,31.0,261,11,2/25,23.72,8.41,16.9,0,0,7
Rajagopal Sathish,228,34,14,23.1,232,3,1/11,77.33,10.01,46.33,0,0,7
S Kaushik,180,7,7,23.0,192,6,3/20,32.0,8.34,23.0,0,0,7
Abhishek Nayar,149,60,19,38.1,322,9,3/13,35.77,8.43,25.44,0,0,7
Ali Murtaza,142,12,12,44.0,313,9,3/15,34.77,7.11,29.33,0,0,7
CR Brathwaite,168,8,8,23.1,189,7,3/47,27.0,8.15,19.85,0,0,7
Sohail Tanvir,84,11,11,41.1,266,22,6/14,12.09,6.46,11.22,1,1,7
Aavishkar Salvi,165,7,7,25.0,200,7,2/19,28.57,8.0,21.42,0,0,7
Siddarth Kaul,182,11,11,34.5,296,6,2/27,49.33,8.49,34.83,0,0,7
Ravi Bopara,133,24,14,34.2,292,11,3/31,26.54,8.5,18.72,0,0,7
Sachithra Senanayake,141,8,8,32.0,209,9,2/26,23.22,6.53,21.33,0,0,7
Glenn McGrath,121,14,14,54.0,357,12,4/29,29.75,6.61,27.0,1,0,7
Jesse Ryder,156,29,16,39.2,303,8,2/14,37.87,7.7,29.5,0,0,7
Virender Sehwag,186,104,15,22.4,235,6,2/18,39.16,10.36,22.66,0,0,7
Umar Gul,125,6,6,22.3,184,12,4/23,15.33,8.17,11.25,1,0,7
Shane Bond,143,8,8,31.0,224,9,2/24,24.88,7.22,20.66,0,0,7
Hardik Pandya,214,20,18,33.4,329,4,1/7,82.25,9.77,50.5,0,0,7
Marlon Samuels,145,10,9,32.4,250,9,3/39,27.77,7.65,21.77,0,0,7
Abu Nechim,170,10,10,35.2,303,7,2/27,43.28,8.57,30.28,0,0,7
Chaminda Vaas,94,13,13,47.0,355,18,3/21,19.72,7.55,15.66,0,0,7
Veer Pratap Singh,139,9,9,34.0,296,10,2/31,29.6,8.7,20.4,0,0,7
Charl Langeveldt,118,7,7,26.0,187,13,3/15,14.38,7.19,12.0,0,0,7
DP Vijaykumar,203,9,9,25.2,199,4,1/17,49.75,7.85,38.0,0,0,7
Ajit Chandila,130,12,12,39.0,242,11,4/13,22.0,6.2,21.27,1,0,7
Beuran Hendricks,152,7,7,25.0,235,9,3/36,26.11,9.4,16.66,0,0,7
Jason Holder,194,11,11,36.0,306,5,2/20,61.2,8.5,43.2,0,0,7
James Franklin,150,20,15,25.1,220,9,2/18,24.44,8.74,16.77,0,0,7
Jacob Oram,151,18,13,37.3,336,9,3/32,37.33,8.96,25.0,0,0,7
KP Appanna,146,14,13,36.0,286,9,4/19,31.77,7.94,24.0,1,0,7
Krunal Pandya,174,12,11,31.1,236,6,2/15,39.33,7.57,31.16,0,0,7
V Kohli,212,139,26,41.5,368,4,2/25,92.0,8.79,62.75,0,0,7
Sourav Ganguly,137,59,20,46.0,363,10,2/21,36.3,7.89,27.6,0,0,7
Mohammad Asif,162,8,8,32.0,296,8,2/19,37.0,9.25,24.0,0,0,7
YA Abdulla,110,11,11,34.5,307,15,4/31,20.46,8.81,13.93,2,0,7
Marchant de Lange,195,5,5,18.0,169,5,3/34,33.8,9.38,21.6,0,0,7
Ravi Rampaul,111,12,12,43.4,298,14,3/31,21.28,6.82,18.71,0,0,7
Glenn Maxwell,216,43,25,35.0,354,4,1/5,88.5,10.11,52.5,0,0,7
Scott Styris,155,12,11,36.0,276,8,3/32,34.5,7.66,27.0,0,0,7
Shahid Afridi,144,10,10,30.0,225,9,3/28,25.0,7.5,20.0,0,0,7
Rajat Bhatia,26,92,88,265.4,1965,69,4/15,28.47,7.39,23.1,1,0,8
Siddharth Trivedi,28,76,75,251.0,1904,65,4/25,29.29,7.58,23.16,1,0,8
RA Jadeja,19,126,100,282.5,2157,77,5/16,28.01,7.62,22.03,3,1,8
Lakshmipathy Balaji,21,73,73,251.5,2029,76,5/24,26.69,8.05,19.88,3,1,8
Ishant Sharma,31,70,70,254.5,2052,59,5/12,34.77,8.05,25.91,0,1,8
SR Watson,17,94,86,283.2,2186,81,4/29,26.98,7.71,20.98,1,0,8
Bhuvneshwar Kumar,14,76,76,277.5,1970,85,4/14,23.17,7.09,19.61,2,0,8
Ashok Dinda,27,75,72,241.4,1952,67,4/18,29.13,8.07,21.64,1,0,8
Morne Morkel,20,70,70,271.3,2089,77,4/20,27.12,7.69,21.15,1,0,8
DS Kulkarni,24,66,66,217.1,1708,73,4/14,23.39,7.86,17.84,1,0,9
Sunil Narine,13,66,66,262.0,1619,85,5/19,19.04,6.17,18.49,6,1,9
Kieron Pollard,34,106,80,198.0,1740,56,4/44,31.07,8.78,21.21,1,0,9
Munaf Patel,23,61,61,218.5,1641,73,5/21,22.47,7.49,17.98,2,1,9
Mohit Sharma,25,61,61,210.0,1666,70,4/14,23.8,7.93,18.0,1,0,9
Muttiah Muralitharan,30,66,66,254.0,1696,63,3/11,26.92,6.67,24.19,0,0,9
