S Kaushik,426,7,2,1,0,0,0.0,1,0.0,0,0,0,0,0
Ajantha Mendis,390,10,3,1,3,2,1.5,6,50.0,0,0,0,0,0
Krishmar Santokie,446,2,0,0,0,0,0.0,0,0.0,0,0,0,0,0
R Bishnoi,309,3,3,0,19,18,6.33,17,111.76,0,0,1,2,0
Sachithra Senanayake,347,8,4,3,10,7,10.0,17,58.82,0,0,0,0,0
Michael Neser,423,1,0,0,0,0,0.0,0,0.0,0,0,0,0,0
Raju Bhatkal,434,1,1,0,0,0,0.0,2,0.0,0,0,0,0,0
Vijay Shankar,456,1,0,0,0,0,0.0,0,0.0,0,0,0,0,0
Ben Hilfenhaus,433,17,1,1,0,0,0.0,0,0.0,0,0,0,0,0
Aavishkar Salvi,441,7,0,0,0,0,0.0,0,0.0,0,0,0,0,0
Siddharth Trivedi,252,76,15,8,42,9,6.0,59,71.18,0,0,3,1,0
Damien Martyn,308,1,1,0,19,19,19.0,24,79.16,0,0,1,0,0
Mahesh Rawat,230,18,12,7,55,23,11.0,69,79.71,0,0,4,1,0
C Nanda,418,3,1,0,0,0,0.0,1,0.0,0,0,0,0,0
Mohammad Hafeez,301,8,3,1,20,13,10.0,22,90.9,0,0,2,1,0
Yo Mahesh,329,18,5,3,15,6,7.5,27,55.55,0,0,0,0,0
Abdur Razzak,459,1,1,1,0,0,0.0,2,0.0,0,0,0,0,0
Jasprit Bumrah,356,31,5,4,9,6,9.0,14,64.28,0,0,1,0,0
RA Shaikh,455,1,0,0,0,0,0.0,0,0.0,0,0,0,0,0
Nikhil Naik,292,2,2,0,23,22,11.5,31,74.19,0,0,1,0,0
SS Shaikh,372,2,1,0,6,6,6.0,7,85.71,0,0,1,0,0
Ashok Dinda,314,75,16,7,19,6,2.11,41,46.34,0,0,1,0,0
Jayant Yadav,370,8,2,0,6,5,3.0,10,60.0,0,0,0,0,0
CJ Jordan,389,9,1,0,3,3,3.0,4,75.0,0,0,0,0,0
Muttiah Muralitharan,303,66,9,3,20,6,3.33,30,66.66,0,0,1,0,0
Yashpal Singh,243,8,4,0,47,20,11.75,66,71.21,0,0,5,0,0
Brett Geeves,458,2,0,0,0,0,0.0,0,0.0,0,0,0,0,0
C Madan,326,1,1,0,15,15,15.0,19,78.94,0,0,3,0,0
Ishwar Pandey,449,25,1,0,0,0,0.0,2,0.0,0,0,0,0,0
Mashrafe Mortaza,396,1,1,1,2,2,0.0,2,100.0,0,0,0,0,0
Ryan Ninan,393,2,1,0,3,3,3.0,6,50.0,0,0,0,0,0
DNT Zoysa,346,3,2,1,11,10,11.0,9,122.22,0,0,1,0,0
Murugan Ashwin,424,10,1,0,0,0,0.0,1,0.0,0,0,0,0,0
Trent Boult,437,8,0,0,0,0,0.0,0,0.0,0,0,0,0,0
JM Kemp,285,5,2,0,26,22,13.0,24,108.33,0,0,1,1,0
Sarabjit Ladda,462,9,2,1,0,0,0.0,9,0.0,0,0,0,0,0
SM Harwood,357,3,2,2,9,6,0.0,14,64.28,0,0,0,0,0
Jaskaran Singh,360,8,5,4,8,4,8.0,11,72.72,0,0,0,0,0
Krishnakant Upadhyay,341,3,2,2,12,11,0.0,9,133.33,0,0,0,1,0
PV Tambe,316,33,6,4,18,7,9.0,39,46.15,0,0,1,0,0
P Prasanth,452,1,0,0,0,0,0.0,0,0.0,0,0,0,0,0
YS Chahal,399,43,4,4,2,1,0.0,2,100.0,0,0,0,0,0
RP Singh,235,82,30,15,52,10,3.46,76,68.42,0,0,2,1,0
Kedar Devdhar,444,1,0,0,0,0,0.0,0,0.0,0,0,0,0,0
TP Sudhindra,451,3,1,1,0,0,0.0,0,0.0,0,0,0,0,0
Gajendra Singh,420,4,0,0,0,0,0.0,0,0.0,0,0,0,0,0
Younis Khan,388,1,1,0,3,3,3.0,7,42.85,0,0,0,0,0
Beuran Hendricks,412,7,3,2,1,1,1.0,3,33.33,0,0,0,0,0
Shrikant Wagh,406,8,2,0,2,2,1.0,3,66.66,0,0,0,0,0
Vijay Zol,281,3,2,0,29,16,14.5,26,111.53,0,0,3,1,0
Samuel Badree,425,5,0,0,0,0,0.0,0,0.0,0,0,0,0,0
Nathan Rimmington,408,1,1,1,1,1,0.0,1,100.0,0,0,0,0,0
Parveez Rasool,322,11,5,3,17,10,8.5,20,85.0,0,0,1,0,0
Pawan Suyal,464,5,0,0,0,0,0.0,0,0.0,0,0,0,0,0
RS Gavaskar,398,2,1,0,2,2,2.0,8,25.0,0,0,0,0,0
Shane Bond,415,8,1,0,1,1,1.0,2,50.0,0,0,0,0,0
Jimmy Neesham,250,4,3,0,42,22,14.0,46,91.3,0,0,3,1,0
Lakshmipathy Balaji,267,73,15,7,36,15,4.5,49,73.46,0,0,2,1,0
Syed Mohammad,282,11,5,3,29,13,14.5,26,111.53,0,0,4,0,0
DP Vijaykumar,411,9,2,2,1,1,0.0,1,100.0,0,0,0,0,0
Abrar Kazi,445,1,0,0,0,0,0.0,0,0.0,0,0,0,0,0
Swapnil Singh,432,1,1,0,0,0,0.0,1,0.0,0,0,0,0,0
Juan Theron,353,10,4,2,10,7,5.0,12,83.33,0,0,1,0,0
WA Mota,229,12,8,2,56,25,9.33,75,74.66,0,0,2,0,0
GR Napier,327,1,1,0,15,15,15.0,16,93.75,0,0,1,0,0
Scott Boland,419,2,0,0,0,0,0.0,0,0.0,0,0,0,0,0
Sudeep Tyagi,394,14,3,2,3,3,3.0,4,75.0,0,0,0,0,0
Imran Tahir,315,20,5,1,18,5,4.5,23,78.26,0,0,3,0,0
Jeevan Mendis,294,3,3,0,23,12,7.66,27,85.18,0,0,0,0,0
Vikramjeet Malik,364,13,2,1,7,6,7.0,7,100.0,0,0,1,0,0
Ali Murtaza,348,12,3,2,10,5,10.0,14,71.42,0,0,1,0,0
Tim Paine,352,2,2,0,10,8,5.0,26,38.46,0,0,0,0,0
RR Bose,442,1,0,0,0,0,0.0,0,0.0,0,0,0,0,0
Ishank Jaggi,249,5,5,1,43,25,10.75,58,74.13,0,0,3,0,0
Robin Peterson,277,5,5,2,32,16,10.66,30,106.66,0,0,3,1,0
Clint McKay,359,2,1,0,8,8,8.0,15,53.33,0,0,0,0,0
RV Pawar,439,1,0,0,0,0,0.0,0,0.0,0,0,0,0,0
U Kaul,428,5,1,1,0,0,0.0,1,0.0,0,0,0,0,0
DT Patil,335,2,2,0,13,9,6.5,13,100.0,0,0,1,0,0
Ajit Chandila,381,12,2,2,4,4,0.0,7,57.14,0,0,0,0,0
Ashley Noffke,355,1,1,0,9,9,9.0,10,90.0,0,0,1,0,0
Brad Hogg,297,21,6,3,22,13,7.33,22,100.0,0,0,1,0,0
Doug Bracewell,339,1,1,1,12,12,0.0,9,133.33,0,0,1,0,0
J Arunkumar,291,3,3,0,23,22,7.66,23,100.0,0,0,5,0,0
Tanmay Srivastava,361,7,3,2,8,7,8.0,11,72.72,0,0,0,0,0
RR Raje,304,10,5,4,20,11,20.0,18,111.11,0,0,1,1,0
Pat Cummins,448,4,1,0,0,0,0.0,2,0.0,0,0,0,0,0
Sunny Gupta,431,1,1,0,0,0,0.0,1,0.0,0,0,0,0,0
Ashish Nehra,255,82,20,13,41,22,5.85,62,66.12,0,0,3,1,0
Marchant de Lange,414,5,1,0,1,1,1.0,2,50.0,0,0,0,0,0
Rahul Shukla,312,7,4,3,19,14,19.0,23,82.6,0,0,2,0,0
Dirk Nannes,380,29,3,2,4,3,4.0,13,30.76,0,0,0,0,0
Mohammed Shami,343,31,10,5,11,5,2.2,27,40.74,0,0,0,0,0
Ankeet Chavan,338,13,3,1,12,7,6.0,11,109.09,0,0,2,0,0
Pradeep Sangwan,296,33,10,6,22,6,5.5,31,70.96,0,0,1,0,0
VR Aaron,254,36,8,5,42,17,14.0,45,93.33,0,0,2,2,0
Chamara Kapugedera,325,5,3,0,16,8,5.33,23,69.56,0,0,0,0,0
Anil Kumble,271,42,17,14,35,8,11.66,47,74.46,0,0,3,0,0
D du Preez,350,2,1,0,10,10,10.0,13,76.92,0,0,0,0,0
Karanveer Singh,340,9,4,3,12,5,12.0,17,70.58,0,0,1,0,0
Glenn McGrath,384,14,3,2,4,4,4.0,5,80.0,0,0,1,0,0
Luke Ronchi,274,5,5,0,34,13,6.8,34,100.0,0,0,6,1,0
Harpreet Singh,300,4,3,1,20,13,10.0,26,76.92,0,0,0,0,0
P Dharmani,463,1,0,0,0,0,0.0,0,0.0,0,0,0,0,0
Thalaivan Sargunam,351,1,1,0,10,10,10.0,17,58.82,0,0,0,0,0
Gurinder Sandhu,416,3,0,0,0,0,0.0,0,0.0,0,0,0,0,0
Shanthakumaran Sreesanth,275,44,14,10,34,15,8.5,55,61.81,0,0,6,0,0
Sandeep Sharma,307,43,9,8,19,7,19.0,29,65.51,0,0,1,0,0
Anureet Singh,319,19,6,3,18,10,6.0,31,58.06,0,0,0,1,0
Munaf Patel,258,61,14,9,39,23,7.8,40,97.5,0,0,5,0,0
SB Bangar,241,12,8,1,49,17,7.0,58,84.48,0,0,1,3,0
Tanmay Mishra,417,1,0,0,0,0,0.0,0,0.0,0,0,0,0,0
YA Abdulla,443,11,1,1,0,0,0.0,1,0.0,0,0,0,0,0
Pankaj Singh,365,17,5,3,7,4,3.5,12,58.33,0,0,0,0,0
Farhaan Behardien,332,3,3,1,14,9,7.0,13,107.69,0,0,2,0,0
John Hastings,460,3,0,0,0,0,0.0,0,0.0,0,0,0,0,0
Kuldeep Yadav,453,3,0,0,0,0,0.0,0,0.0,0,0,0,0,0
VS Yeligati,405,2,1,0,2,2,2.0,2,100.0,0,0,0,0,0
Dominic Thornely,260,6,4,2,39,30,19.5,53,73.58,0,0,2,2,0
Love Ablish,436,3,1,1,0,0,0.0,2,0.0,0,0,0,0,0
Parvinder Awana,375,33,7,5,5,4,2.5,14,35.71,0,0,0,0,0
SB Joshi,371,4,2,0,6,3,3.0,14,42.85,0,0,0,0,0
Shahbaz Nadeem,290,48,14,5,24,6,2.66,61,39.34,0,0,1,0,0
Colin Ingram,299,3,3,1,21,13,10.5,26,80.76,0,0,2,0,0
Alfonso Thomas,302,15,4,2,20,12,10.0,19,105.26,0,0,1,1,0
Ben Laughlin,377,2,2,1,4,4,4.0,9,44.44,0,0,0,0,0
Doug Bollinger,298,27,4,3,21,16,21.0,23,91.3,0,0,1,1,0
Ankit Rajpoot,407,6,1,1,2,2,0.0,6,33.33,0,0,0,0,0
Tabraiz Shamsi,435,4,0,0,0,0,0.0,0,0.0,0,0,0,0,0
Abhinav Mukund,310,3,2,0,19,19,9.5,22,86.36,0,0,1,0,0
P Parameswaran,413,5,1,1,1,1,0.0,1,100.0,0,0,0,0,0
Shivnarine Chanderpaul,287,3,3,0,25,16,8.33,31,80.64,0,0,4,0,0
Bodapati Sumanth,270,5,4,3,35,16,35.0,37,94.59,0,0,3,0,0
Shalabh Srivastava,373,14,4,3,5,3,5.0,5,100.0,0,0,0,0,0
Harmeet Singh,430,1,0,0,0,0,0.0,0,0.0,0,0,0,0,0
Bhargav Bhatt,368,17,2,1,6,6,6.0,7,85.71,0,0,0,1,0
Colin Munro,280,4,3,0,30,16,10.0,30,100.0,0,0,3,0,0
Ishant Sharma,265,70,19,15,37,9,9.25,46,80.43,0,0,2,1,0
Makhaya Ntini,344,9,2,1,11,11,11.0,18,61.11,0,0,2,0,0
Peter Handscomb,369,2,1,0,6,6,6.0,12,50.0,0,0,0,0,0
Shreyas Gopal,331,6,3,1,14,11,7.0,27,51.85,0,0,1,0,0
Aakash Chopra,233,7,6,0,53,24,8.83,71,74.64,0,0,7,0,0
Amit Paunikar,239,5,5,0,49,20,9.8,58,84.48,0,0,9,0,0
Deepak Chahar,447,2,0,0,0,0,0.0,0,0.0,0,0,0,0,0
Kane Richardson,266,14,4,1,36,26,12.0,39,92.3,0,0,2,1,0
Shoaib Akhtar,400,3,1,0,2,2,2.0,7,28.57,0,0,0,0,0
D Kalyankrishna,391,3,1,0,3,3,3.0,8,37.5,0,0,0,0,0
Darren Lehmann,317,2,2,0,18,17,9.0,18,100.0,0,0,3,0,0
JJ van der Wath,321,3,3,1,18,14,9.0,16,112.5,0,0,1,1,0
Kamran Khan,387,9,2,1,3,3,3.0,5,60.0,0,0,0,0,0
Suraj Randiv,395,8,1,0,2,2,2.0,4,50.0,0,0,0,0,0
P Amarnath,440,6,0,0,0,0,0.0,0,0.0,0,0,0,0,0
Adam Zampa,461,5,1,0,0,0,0.0,1,0.0,0,0,0,0,0
Mustafizur Rahman,422,16,0,0,0,0,0.0,0,0.0,0,0,0,0,0
T Thushara,337,6,4,2,12,8,6.0,18,66.66,0,0,0,0,0
T Kohli,345,4,4,1,11,7,3.66,19,57.89,0,0,0,1,0
Ronit More,404,2,1,1,2,2,0.0,2,100.0,0,0,0,0,0
KC Cariappa,334,6,2,1,13,12,13.0,11,118.18,0,0,0,1,0
Anand Rajan,450,8,0,0,0,0,0.0,0,0.0,0,0,0,0,0
KP Appanna,402,14,3,2,2,1,2.0,4,50.0,0,0,0,0,0
Nayan Doshi,454,4,1,0,0,0,0.0,13,0.0,0,0,0,0,0
PM Sarvesh Kumar,409,2,1,1,1,1,0.0,2,50.0,0,0,0,0,0
Dilhara Fernando,383,10,2,2,4,2,0.0,3,133.33,0,0,0,0,0
Udit Birla,363,2,1,0,7,7,7.0,14,50.0,0,0,1,0,0
H Das,397,1,1,0,2,2,2.0,5,40.0,0,0,0,0,0
Shadab Jakati,283,57,8,7,28,13,28.0,29,96.55,0,0,3,0,0
Sunil Narine,245,66,18,11,47,13,6.71,54,87.03,0,0,2,2,0
Shaun Tait,293,21,5,2,23,11,7.66,26,88.46,0,0,1,1,0
Mohammad Ashraful,403,1,1,0,2,2,2.0,10,20.0,0,0,0,0,0
S Sriram,278,2,2,0,31,27,15.5,36,86.11,0,0,3,0,0
Mohammad Asif,392,8,2,0,3,3,1.5,6,50.0,0,0,0,0,0
Veer Pratap Singh,427,9,1,0,0,0,0.0,1,0.0,0,0,0,0,0
Rahul Tewatia,324,4,1,0,16,16,16.0,13,123.07,0,0,0,1,0
T Henderson,342,2,2,0,11,11,5.5,16,68.75,0,0,0,1,0
Domnic Joseph,410,6,2,1,1,1,1.0,3,33.33,0,0,0,0,0
Y Gnaneswara Rao,313,2,1,0,19,19,19.0,17,111.76,0,0,3,0,0
Adam Milne,438,1,0,0,0,0,0.0,0,0.0,0,0,0,0,0
Kemar Roach,349,2,1,0,10,10,10.0,9,111.11,0,0,1,0,0
Arindam Ghosh,362,2,2,0,7,7,3.5,8,87.5,0,0,1,0,0
Matthew Wade,295,3,3,0,22,11,7.33,33,66.66,0,0,0,0,0
Jaydev Unadkat,386,35,4,3,3,1,3.0,8,37.5,0,0,0,0,0
Pragyan Ojha,323,92,23,11,17,4,1.41,45,37.77,0,0,0,0,0
Amit Singh,401,23,5,1,2,1,0.5,10,20.0,0,0,0,0,0
Siddarth Kaul,354,11,3,3,9,7,0.0,11,81.81,0,0,0,0,0
Nathan Coulter-Nile,262,18,10,4,38,9,6.33,38,100.0,0,0,3,2,0
Barinder Sran,385,15,4,4,4,2,0.0,4,100.0,0,0,0,0,0
C Ganapathy,421,1,1,1,0,0,0.0,0,0.0,0,0,0,0,0
Sean Abbott,328,2,2,0,15,14,7.5,13,115.38,0,0,1,1,0
SS Mundhe,429,1,0,0,0,0,0.0,0,0.0,0,0,0,0,0
Shardul Thakur,366,1,1,1,7,7,0.0,6,116.66,0,0,1,0,0
Nic Maddinson,305,3,3,0,20,12,6.66,21,95.23,0,0,4,0,0
AD Nath,306,4,3,0,20,12,6.66,27,74.07,0,0,1,0,0
Andre Nel,457,1,1,0,0,0,0.0,0,0.0,0,0,0,0,0
Charl Langeveldt,358,7,2,0,8,8,4.0,9,88.88,0,0,0,1,0
Kushal Janith Perera,333,2,2,0,14,14,7.0,13,107.69,0,0,3,0,0
VRV Singh,378,19,2,0,4,4,2.0,3,133.33,0,0,1,0,0
Amit Uniyal,379,2,2,1,4,4,4.0,7,57.14,0,0,0,0,0
MA Khote,289,4,3,1,24,9,12.0,22,109.09,0,0,2,1,0
MS Dhoni,8,143,128,45,3271,70,39.4,2354,138.95,0,16,236,140,1
CH Gayle,5,92,91,12,3426,175,43.36,2235,153.28,5,20,279,251,1
Gautam Gambhir,4,132,131,13,3634,93,30.79,2927,124.15,0,31,422,51,1
V Kohli,1,139,131,23,4110,113,38.05,3151,130.43,4,26,359,149,1
AB de Villiers,9,120,109,26,3257,133,39.24,2181,149.33,3,21,275,140,1
Robin Uthappa,6,135,130,15,3390,83,29.47,2635,128.65,0,17,341,104,1
Rohit Sharma,3,142,138,23,3874,109,33.68,2941,131.72,1,29,323,163,1
David Warner,7,100,100,12,3373,109,38.32,2372,142.2,2,32,338,134,1
Suresh Raina,2,147,143,21,4098,100,33.59,2957,138.58,1,28,360,160,1
Sourav Ganguly,38,59,56,3,1348,91,25.43,1262,106.81,0,7,137,42,2
Brad Hodge,37,66,63,21,1400,73,33.33,1118,125.22,0,6,122,43,2
Wriddhiman Saha,40,90,69,18,1323,115,25.94,1004,131.77,1,5,110,49,2
AJ Finch,42,52,51,5,1304,88,28.34,1049,124.3,0,11,145,40,2
David Hussey,41,64,61,12,1322,71,26.97,1075,122.97,0,5,90,60,2
Kumar Sangakkara,32,71,68,3,1687,94,25.95,1392,121.19,0,10,195,27,2
Subramaniam Badrinath,36,95,67,20,1441,71,30.65,1212,118.89,0,11,154,28,2
RA Jadeja,33,126,99,31,1574,48,23.14,1297,121.35,0,0,112,53,2
Francois du Plessis,43,51,45,3,1287,73,30.64,1005,128.05,0,8,109,38,2
Saurabh Tiwary,46,80,63,19,1224,61,27.81,1024,119.53,0,6,84,45,2
DJ Bravo,44,106,83,28,1262,70,22.94,999,126.32,0,4,102,48,2
Naman Ojha,35,98,88,18,1474,94,21.05,1244,118.48,0,6,119,76,2
David Miller,34,61,60,19,1480,101,36.09,1025,144.39,1,8,100,74,2
Steve Smith,45,54,47,13,1231,101,36.2,906,135.87,1,2,112,33,2
Manoj Tiwary,39,78,68,22,1324,75,28.78,1169,113.25,0,5,121,28,2
Murali Vijay,16,100,100,5,2511,127,26.43,2035,123.39,2,13,237,89,3
KD Karthik,15,138,121,14,2542,86,23.75,2046,124.24,0,12,256,60,3
Virender Sehwag,12,104,104,5,2728,122,27.55,1755,155.44,2,16,334,106,3
Yusuf Pathan,11,134,122,32,2761,100,30.67,1881,146.78,1,12,230,140,3
Shikhar Dhawan,10,113,112,16,3082,95,32.1,2546,121.05,0,25,348,62,3
Ajinkya Rahane,13,95,89,13,2675,103,35.19,2212,120.93,1,23,285,51,3
SR Watson,14,94,91,13,2551,104,32.7,1813,140.7,2,14,251,121,3
Jacques Kallis,18,98,96,11,2427,89,28.55,2222,109.22,0,17,255,44,3
BB McCullum,17,92,92,5,2434,158,27.97,1881,129.39,2,11,248,106,3
Axar Patel,98,45,30,8,379,42,17.22,311,121.86,0,0,23,17,4
Shreyas Iyer,88,20,20,1,469,83,24.68,385,121.81,0,4,43,22,4
Andre Russell,79,34,25,3,574,66,26.09,331,173.41,0,3,48,37,4
Piyush Chawla,82,123,68,27,513,24,12.51,447,114.76,0,0,49,15,4
Laxmi Ratan Shukla,93,47,34,7,405,48,15.0,350,115.71,0,0,33,16,4
Thisara Perera,90,37,30,8,422,40,19.18,307,137.45,0,0,23,26,4
Dwaraka Ravi Teja,100,32,25,6,375,60,19.73,317,118.29,0,1,35,9,4
Cheteshwar Pujara,96,30,22,3,390,51,20.52,391,99.74,0,1,50,4,4
James Faulkner,87,52,39,18,473,46,22.52,332,142.46,0,0,32,23,4
Azhar Mahmood,97,23,21,2,388,80,20.42,303,128.05,0,2,39,13,4
Paul Valthaty,85,23,23,1,505,120,22.95,418,120.81,1,2,61,20,4
Sunny Sohal,101,22,20,0,368,62,18.4,292,126.02,0,2,34,18,4
Shakib Al Hasan,86,42,31,8,497,66,21.6,381,130.44,0,2,44,15,4
Ravi Bopara,80,24,22,4,531,84,29.5,453,117.21,0,3,39,16,4
Mark Boucher,95,31,24,10,394,50,28.14,309,127.5,0,1,32,13,4
Corey Anderson,99,16,15,3,379,95,31.58,278,136.33,0,3,32,21,4
SA Asnodkar,89,20,20,0,423,60,21.15,339,124.77,0,2,56,10,4
Suryakumar Yadav,83,45,35,13,507,60,23.04,377,134.48,0,1,47,18,4
Johan Botha,92,34,28,8,409,67,20.45,359,113.92,0,1,39,5,4
Owais Shah,84,23,22,7,506,76,33.73,389,130.07,0,4,34,23,4
James Hopes,91,21,19,3,417,71,26.06,306,136.27,0,4,49,11,4
Ashok Menaria,94,29,23,2,401,40,19.09,356,112.64,0,0,24,18,4
Mithun Manhas,81,55,38,15,514,42,22.34,470,109.36,0,0,43,10,4
Michael Hussey,26,59,58,7,1977,116,38.76,1612,122.64,1,15,198,52,5
DR Smith,29,64,63,3,1864,87,31.06,1411,132.1,0,15,195,92,5
Parthiv Patel,28,103,101,10,1927,81,21.17,1688,114.15,0,8,248,27,5
Kieron Pollard,27,106,97,29,1958,78,28.79,1323,147.99,0,9,131,125,5
Yuvraj Singh,19,108,105,13,2335,83,25.38,1795,130.08,0,10,174,133,5
Shaun Marsh,22,62,61,7,2213,115,40.98,1672,132.35,1,18,230,73,5
Rahul Dravid,23,89,82,5,2174,75,28.23,1882,115.51,0,11,269,28,5
Sachin Tendulkar,20,78,78,11,2334,100,34.83,1948,119.81,1,13,295,29,5
JP Duminy,25,77,73,23,1993,78,39.86,1596,124.87,0,14,123,78,5
Ambati Rayudu,21,109,102,18,2325,81,27.67,1837,126.56,0,13,198,76,5
Manish Pandey,30,89,83,13,1819,114,25.98,1536,118.42,1,7,169,52,5
Mahela Jayawardene,31,80,78,15,1802,110,28.6,1462,123.25,1,10,200,39,5
Adam Gilchrist,24,80,80,4,2069,109,27.22,1495,138.39,2,11,239,92,5
Tillakaratne Dilshan,47,52,50,7,1153,76,26.81,1007,114.49,0,9,140,24,6
Cameron White,56,47,45,9,954,78,26.5,755,126.35,0,6,76,36,6
Sanju Samson,50,52,48,6,1040,76,24.76,873,119.12,0,5,80,38,6
Andrew Symonds,54,39,36,9,974,117,36.07,750,129.86,1,5,74,41,6
Lendl Simmons,57,22,22,2,942,100,47.1,740,127.29,1,9,99,36,6
Matthew Hayden,49,32,32,2,1107,93,36.9,805,137.51,0,8,121,44,6
Karun Nair,61,41,37,4,877,83,26.57,686,127.84,0,7,96,20,6
Albie Morkel,55,91,68,28,974,73,24.35,686,141.98,0,3,61,55,6
Venugopal Rao,53,65,54,10,985,71,22.38,836,117.82,0,3,77,37,6
Ross Taylor,51,55,54,14,1017,81,25.42,822,123.72,0,3,66,46,6
Herschelle Gibbs,60,36,36,4,886,69,27.68,807,109.78,0,6,83,31,6
Irfan Pathan,48,102,81,29,1137,60,21.86,943,120.57,0,1,87,37,6
Glenn Maxwell,59,43,43,4,918,95,23.53,568,161.61,0,6,76,56,6
Mandeep Singh,58,59,49,4,924,77,20.53,743,124.36,0,4,113,14,6
Kevin Pietersen,52,36,36,9,1001,103,37.07,743,134.72,1,4,91,40,6
Akshath Reddy,151,12,10,0,164,42,16.4,160,102.5,0,0,15,2,7
Azhar Bilakhia,220,7,7,2,69,22,13.8,85,81.17,0,0,5,0,7
Travis Head,231,3,3,1,54,37,27.0,40,135.0,0,0,3,2,7
Asad Pathan,259,8,7,2,39,14,7.8,23,169.56,0,0,5,2,7
Ben Dunk,257,3,3,0,40,20,13.33,35,114.28,0,0,7,0,7
Aiden Blizzard,181,7,7,0,120,51,17.14,90,133.33,0,1,21,2,7
Amit Yadav,240,8,6,1,49,16,9.8,39,125.64,0,0,5,2,7
Kyle Abbott,336,5,3,2,13,12,13.0,8,162.5,0,0,0,1,7
Iqbal Abdulla,207,47,12,10,83,33,41.5,77,107.79,0,0,9,1,7
Michael Klinger,218,4,4,0,73,29,18.25,77,94.8,0,0,9,0,7
Misbah-ul-Haq,182,8,8,1,117,47,16.71,81,144.44,0,0,10,6,7
Mitchell Starc,197,27,12,5,96,29,13.71,98,97.95,0,0,10,0,7
Harshal Patel,247,35,14,5,47,10,5.22,34,138.23,0,0,2,3,7
Ankit Sharma,225,20,9,3,62,30,10.33,52,119.23,0,0,5,3,7
Marlon Samuels,165,10,10,1,132,46,14.66,141,93.61,0,0,8,5,7
Jacob Oram,189,18,12,4,106,41,13.25,108,98.14,0,0,6,5,7
LA Carseldine,210,5,5,1,81,39,20.25,68,119.11,0,0,11,0,7
Hardik Pandya,156,20,17,5,156,61,13.0,125,124.8,0,1,13,8,7
Shivam Sharma,374,5,2,1,5,4,5.0,3,166.66,0,0,1,0,7
Rishi Dhawan,159,26,17,10,153,25,21.85,135,113.33,0,0,13,4,7
Sunny Singh,248,6,5,1,43,20,10.75,31,138.7,0,0,6,1,7
Nuwan Kulasekara,376,6,1,1,5,5,0.0,3,166.66,0,0,1,0,7
Shoaib Malik,234,7,5,1,52,24,13.0,47,110.63,0,0,5,0,7
Kane Williamson,157,8,8,1,155,50,22.14,149,104.02,0,1,15,1,7
Scott Styris,167,12,10,3,131,36,18.71,133,98.49,0,0,10,3,7
Usman Khawaja,171,6,6,0,127,30,21.16,100,127.0,0,0,14,3,7
Tim Southee,244,26,8,3,47,25,9.4,32,146.87,0,0,3,2,7
Andrew McDonald,177,11,9,4,123,33,24.6,100,123.0,0,0,9,4,7
Bipul Sharma,155,26,14,7,156,35,22.28,99,157.57,0,0,9,8,7
Marcus Stoinis,161,7,5,1,146,52,36.5,108,135.18,0,1,13,4,7
Sohail Tanvir,269,11,5,2,36,13,12.0,29,124.13,0,0,3,1,7
Srikkanth Anirudha,164,20,13,5,136,64,17.0,113,120.35,0,1,9,7,7
Davy Jacobs,198,7,7,0,92,32,13.14,98,93.87,0,0,10,4,7
Abhimanyu Mithun,272,16,8,3,34,11,6.8,26,130.76,0,0,4,1,7
Balachandra Akhil,215,15,11,5,76,27,12.66,55,138.18,0,0,5,5,7
Michael Clarke,193,6,6,0,100,41,16.66,95,105.26,0,0,12,0,7
Arun Karthik,236,17,8,3,51,19,10.2,51,100.0,0,0,4,1,7
Brad Haddin,318,1,1,0,18,18,18.0,11,163.63,0,0,2,1,7
Adrian Barath,251,3,3,1,42,33,21.0,42,100.0,0,0,5,1,7
Joginder Sharma,268,16,6,2,36,16,9.0,30,120.0,0,0,1,2,7
Sachin Rana,201,11,8,4,91,19,22.75,81,112.34,0,0,9,1,7
Bhuvneshwar Kumar,158,76,32,14,154,24,8.55,153,100.65,0,0,15,3,7
W Jaffer,168,8,8,0,130,50,16.25,121,107.43,0,1,14,3,7
Sachin Baby,178,15,7,1,122,33,20.33,86,141.86,0,0,9,5,7
Chris Lynn,202,5,5,1,89,45,22.25,80,111.25,0,0,6,4,7
Murali Kartik,185,56,16,9,113,21,16.14,108,104.62,0,0,7,1,7
Ryan McLaren,152,18,13,5,159,51,19.87,171,92.98,0,1,14,1,7
Tatenda Taibu,279,3,3,0,31,15,10.33,26,119.23,0,0,3,0,7
Rahul Sharma,222,44,20,6,66,14,4.71,75,88.0,0,0,5,3,7
Mitchell McClenaghan,246,26,8,4,47,20,11.75,29,162.06,0,0,2,5,7
Dishant Yagnik,148,25,17,7,170,34,17.0,137,124.08,0,0,23,2,7
Umar Gul,261,6,4,1,39,24,13.0,19,205.26,0,0,1,5,7
Anirudh Singh,224,5,4,0,63,40,15.75,66,95.45,0,0,6,1,7
Ricky Ponting,200,10,9,0,91,28,10.11,128,71.09,0,0,5,2,7
Biplap Samantray,174,9,8,3,125,55,25.0,113,110.61,0,1,13,2,7
Dimitri Mascarenhas,214,13,11,2,79,27,8.77,78,101.28,0,0,5,1,7
Kamran Akmal,169,6,6,1,128,53,25.6,78,164.1,0,1,13,8,7
Dinesh Salunkhe,276,6,3,1,33,26,16.5,24,137.5,0,0,5,0,7
Rob Quiney,192,7,7,0,103,51,14.71,102,100.98,0,1,12,3,7
Anustup Majumdar,204,4,4,0,87,31,21.75,76,114.47,0,0,7,2,7
Jason Holder,263,11,5,0,38,16,7.6,31,122.58,0,0,4,2,7
Sumit Narwal,264,7,4,1,37,23,12.33,27,137.03,0,0,6,0,7
DS Kulkarni,205,66,18,11,85,28,12.14,93,91.39,0,0,5,2,7
Aditya Dole,273,3,2,0,34,30,17.0,22,154.54,0,0,3,1,7
Eklavya Dwivedi,288,4,2,0,24,19,12.0,14,171.42,0,0,2,2,7
Carlos Brathwaite,208,8,6,0,83,34,13.83,38,218.42,0,0,6,8,7
I Malhotra,367,1,1,1,7,7,0.0,4,175.0,0,0,1,0,7
Abu Nechim,330,10,4,3,14,5,14.0,6,233.33,0,0,3,0,7
Brett Lee,176,38,19,9,124,25,12.4,97,127.83,0,0,8,8,7
Nitish Rana,190,4,3,0,104,70,34.66,75,138.66,0,1,7,8,7
Pinal Shah,199,16,10,2,92,29,11.5,91,101.09,0,0,9,2,7
Shaun Pollock,160,13,8,0,147,33,18.37,111,132.43,0,0,12,8,7
Daniel Harris,187,4,4,0,111,47,27.75,101,109.9,0,0,11,5,7
Andrew Flintoff,226,3,3,1,62,24,31.0,53,116.98,0,0,5,2,7
Ben Cutting,217,5,5,2,73,39,24.33,40,182.5,0,0,4,7,7
Mohit Sharma,227,61,15,7,61,21,7.62,52,117.3,0,0,4,3,7
Ishan Kishan,253,5,5,0,42,27,8.4,41,102.43,0,0,5,0,7
LPC Silva,256,3,3,1,40,23,20.0,26,153.84,0,0,5,1,7
Shahid Afridi,213,10,9,1,81,33,10.12,46,176.08,0,0,7,6,7
Manpreet Juneja,175,7,7,0,125,49,17.85,128,97.65,0,0,11,1,7
Ravi Rampaul,237,12,7,2,51,23,10.2,50,102.0,0,0,3,2,7
Ryan Harris,183,37,21,9,117,17,9.75,112,104.46,0,0,6,3,7
Sam Billings,203,5,4,0,88,54,22.0,64,137.5,0,1,4,4,7
Dale Steyn,150,90,35,13,166,19,7.54,158,105.06,0,0,14,3,7
Raiphi Gomez,238,13,9,4,50,26,10.0,51,98.03,0,0,5,1,7
Hashim Amla,154,6,6,0,157,96,26.16,119,131.93,0,1,20,4,7
Nathan McCullum,286,2,2,1,26,15,26.0,22,118.18,0,0,0,1,7
Rilee Rossouw,232,5,5,0,53,24,10.6,51,103.92,0,0,3,3,7
Richard Levi,209,6,6,0,83,50,13.83,73,113.69,0,1,10,4,7
Roelof van der Merwe,153,21,15,4,159,35,14.45,141,112.76,0,0,11,8,7
Zaheer Khan,186,89,29,16,113,23,8.69,128,88.28,0,0,11,2,7
Callum Ferguson,196,9,8,2,98,23,16.33,117,83.76,0,0,9,0,7
RS Sodhi,382,3,1,1,4,4,0.0,2,200.0,0,0,1,0,7
Ramesh Powar,221,27,10,7,67,28,22.33,64,104.68,0,0,6,1,7
Yogesh Takawale,191,5,5,0,104,45,20.8,91,114.28,0,0,17,1,7
Luke Wright,188,7,6,1,106,44,21.2,60,176.66,0,0,16,3,7
Kevon Cooper,184,25,14,5,116,32,12.88,68,170.58,0,0,9,8,7
Umesh Yadav,206,80,21,14,84,24,12.0,77,109.09,0,0,8,3,7
Ramnaresh Sarwan,219,4,4,0,73,31,18.25,75,97.33,0,0,6,1,7
Morne Morkel,173,70,23,12,126,23,11.45,90,140.0,0,0,11,5,7
Harmeet Singh Bansal,320,27,6,2,18,14,4.5,12,150.0,0,0,3,0,7
NK Patel,179,9,6,2,121,57,30.25,119,101.68,0,1,14,1,7
Lasith Malinga,211,98,23,7,81,17,5.06,96,84.37,0,0,6,4,7
Travis Birt,216,5,5,0,75,27,15.0,58,129.31,0,0,9,2,7
Martin Guptill,228,3,3,0,57,48,19.0,55,103.63,0,0,3,3,7
Jagadeesha Suchith,242,14,6,5,48,34,48.0,32,150.0,0,0,4,2,7
Nitin Saini,163,10,10,0,140,50,14.0,141,99.29,0,1,16,0,7
S Vidyut,162,9,8,0,145,54,18.12,109,133.02,0,1,21,3,7
CM Gautam,149,13,13,3,169,33,16.9,150,112.66,0,0,17,6,7
Pradeep Sahu,311,5,2,1,19,18,19.0,13,146.15,0,0,1,1,7
S Aravind,284,28,4,4,27,14,0.0,17,158.82,0,0,5,0,7
Siddharth Chitnis,194,11,8,1,99,38,14.14,89,111.23,0,0,10,2,7
Chaminda Vaas,212,13,11,3,81,20,10.12,73,110.95,0,0,2,3,7
Manpreet Gony,195,43,17,7,99,42,9.9,71,139.43,0,0,6,8,7
Paras Dogra,170,13,12,1,127,41,11.54,138,92.02,0,0,4,5,7
Mitchell Johnson,166,43,25,12,131,16,10.07,136,96.32,0,0,7,6,7
David Wiese,172,15,8,4,127,47,31.75,90,141.11,0,0,12,4,7
Daniel Vettori,180,34,17,9,121,29,15.12,113,107.07,0,0,11,2,7
Wayne Parnell,223,26,13,4,63,16,7.0,75,84.0,0,0,4,1,7
Sanath Jayasuriya,66,30,30,2,768,114,27.42,532,144.36,1,4,84,39,8
Kedar Jadhav,77,51,44,18,626,63,24.07,476,131.51,0,2,47,23,8
George Bailey,76,40,37,10,663,61,24.55,544,121.87,0,2,59,19,8
Manvinder Bisla,62,39,39,1,798,92,21.0,702,113.67,0,4,93,23,8
Mayank Agarwal,64,50,45,2,788,68,18.32,633,124.48,0,3,79,33,8
Quinton de Kock,69,26,26,1,726,108,29.04,549,132.24,1,5,90,21,8
Graeme Smith,67,29,29,3,739,91,28.42,668,110.62,0,4,94,9,8
STR Binny,73,72,51,19,688,48,21.5,528,130.3,0,0,53,26,8
Harbhajan Singh,65,125,77,30,783,64,16.65,545,143.66,0,1,76,40,8
Angelo Mathews,71,46,40,11,692,65,23.86,548,126.27,0,1,42,28,8
KL Rahul,70,39,30,6,725,68,30.2,577,125.64,0,4,61,24,8
Moises Henriques,72,45,39,11,692,74,24.71,553,125.13,0,2,59,23,8
Eoin Morgan,63,48,41,5,789,66,21.91,643,122.7,0,4,66,32,8
Tirumalasetti Suman,74,43,40,8,676,78,21.12,575,117.56,0,2,55,26,8
Jesse Ryder,78,29,29,1,604,86,21.57,458,131.87,0,4,69,19,8
Manan Vohra,68,34,32,2,728,67,24.26,562,129.53,0,2,72,26,8
Abhishek Nayar,75,60,50,12,672,45,17.68,577,116.46,0,0,55,20,8
Ryan ten Doeschate,106,29,22,8,326,70,23.28,235,138.72,0,1,26,15,9
Sarfaraz Khan,147,18,12,6,177,45,29.5,102,173.52,0,0,19,6,9
Abhishek Raut,140,22,16,7,194,36,21.55,167,116.16,0,0,13,7,9
Aditya Tare,108,32,25,4,321,59,15.28,250,128.4,0,1,37,11,9
Luke Pomersbach,111,17,16,5,302,79,27.45,246,122.76,0,1,25,13,9
Shane Warne,137,55,29,9,198,34,9.9,214,92.52,0,0,14,6,9
Simon Katich,128,11,11,1,241,75,24.1,186,129.56,0,2,26,8,9
Paul Collingwood,136,8,7,2,203,75,40.6,156,130.12,0,3,9,13,9
Stephen Fleming,139,10,10,1,196,45,21.77,164,119.51,0,0,27,3,9
Dan Christian,103,23,22,4,341,39,18.94,292,116.78,0,0,17,13,9
Ben Rohrer,141,8,8,2,193,64,32.16,140,137.85,0,1,21,5,9
Krunal Pandya,129,12,9,3,237,86,39.5,124,191.12,0,1,22,13,9
Jos Buttler,126,14,14,3,255,41,23.18,184,138.58,0,0,23,11,9
Ashish Reddy,121,31,24,9,280,36,18.66,193,145.07,0,0,16,15,9
P Kumar,104,113,57,20,336,34,9.08,306,109.8,0,0,23,17,9
Rajagopal Sathish,123,34,25,8,270,27,15.88,231,116.88,0,0,22,6,9
James Franklin,105,20,16,5,327,79,29.72,301,108.63,0,1,25,8,9
Hanuma Vihari,120,22,21,3,280,46,15.55,313,89.45,0,0,23,1,9
Yogesh Nagar,117,26,20,6,284,43,20.28,259,109.65,0,0,20,9,9
Faiz Fazal,143,12,11,1,183,45,18.3,173,105.78,0,0,22,1,9
Michael Lumb,122,12,12,0,278,83,23.16,194,143.29,0,1,45,6,9
Mitchell Marsh,132,20,14,2,225,38,18.75,196,114.79,0,0,9,14,9
Rishabh Pant,138,10,10,2,198,69,24.75,152,130.26,0,1,19,6,9
Vinay Kumar,110,102,45,17,304,26,10.85,271,112.17,0,0,20,9,9
Adam Voges,144,9,7,3,181,45,45.25,143,126.57,0,0,15,3,9
Rajat Bhatia,107,92,47,18,326,26,11.24,267,122.09,0,0,24,12,9
Unmukt Chand,112,21,20,0,300,58,15.0,300,100.0,0,1,32,9,9
Gurkeerat Mann Singh,102,28,24,3,342,51,16.28,272,125.73,0,1,36,9,9
Karn Sharma,124,46,27,13,267,39,19.07,230,116.08,0,0,13,12,9
Bharat Chipli,119,23,21,6,280,61,18.66,251,111.55,0,1,28,7,9
Darren Sammy,113,22,20,5,295,60,19.66,241,122.4,0,1,15,18,9
Amit Mishra,115,112,45,17,291,31,10.39,311,93.56,0,0,25,3,9
Ravichandran Ashwin,131,111,37,15,231,29,10.5,240,96.25,0,0,22,2,9
Salman Butt,142,7,7,0,193,73,27.57,161,119.87,0,1,30,2,9
VVS Laxman,118,20,20,2,282,52,15.66,267,105.61,0,1,33,5,9
Mohnish Mishra,130,18,17,1,237,41,14.81,208,113.94,0,0,24,8,9
Pawan Negi,135,29,19,7,209,36,17.41,161,129.81,0,0,16,9,9
Chris Morris,116,39,20,13,285,82,40.71,171,166.66,0,1,18,17,9
Debabrata Das,109,31,22,8,304,35,21.71,261,116.47,0,0,23,16,9
Ajit Agarkar,145,42,22,12,179,39,17.9,154,116.23,0,0,13,5,9
Shreevats Goswami,127,23,16,1,241,52,16.06,251,96.01,0,1,26,2,9
MF Maharoof,146,20,14,4,177,39,17.7,123,143.9,0,0,12,9,9
Abhishek Jhunjhunwala,134,21,16,3,217,53,16.69,210,103.33,0,1,19,5,9
Deepak Hooda,114,31,24,1,295,54,12.82,216,136.57,0,1,15,16,9
Mohammad Kaif,125,29,22,4,259,34,14.38,250,103.6,0,0,22,6,9
K Goel,133,22,17,2,218,38,14.53,231,94.37,0,0,17,9,9
